{
  "toggle_mod": true,
  "animation_speed": 250,
  "curve_points": [
    [
      0.25520834,
      0.44270834
    ],
    [
      0.5208333,
      0.765625
    ]
  ]
}